region,state,species,latitude,longitude,population
East NSW,NSW,Eastern Grey Kangaroo,-34.099,149.083,3582
East NSW,NSW,Eastern Grey Kangaroo,-34.954,150.315,13982
East NSW,NSW,Eastern Grey Kangaroo,-33.219,151.511,9035
East NSW,NSW,Eastern Grey Kangaroo,-35.073,149.988,4289
East NSW,NSW,Eastern Grey Kangaroo,-34.382,150.363,3936
East NSW,NSW,Eastern Grey Kangaroo,-32.389,148.996,9315
East NSW,NSW,Eastern Grey Kangaroo,-33.056,150.466,4027
East NSW,NSW,Eastern Grey Kangaroo,-33.238,149.869,9244
East NSW,NSW,Eastern Grey Kangaroo,-35.042,151.347,11489
East NSW,NSW,Eastern Grey Kangaroo,-33.775,150.330,12108
East NSW,NSW,Eastern Grey Kangaroo,-33.295,150.782,5376
East NSW,NSW,Eastern Grey Kangaroo,-33.223,150.645,14202
East NSW,NSW,Eastern Grey Kangaroo,-34.869,150.879,3953
East NSW,NSW,Eastern Grey Kangaroo,-33.095,150.189,19423
East NSW,NSW,Eastern Grey Kangaroo,-33.746,149.605,16849
East NSW,NSW,Eastern Grey Kangaroo,-33.971,149.395,7890
East NSW,NSW,Eastern Grey Kangaroo,-32.823,149.381,11838
East NSW,NSW,Eastern Grey Kangaroo,-33.414,151.400,16707
East NSW,NSW,Eastern Grey Kangaroo,-34.221,151.737,5868
East NSW,NSW,Eastern Grey Kangaroo,-33.459,149.128,13208
East NSW,NSW,Eastern Grey Kangaroo,-34.683,150.165,3284
East NSW,NSW,Eastern Grey Kangaroo,-31.929,148.848,12280
East NSW,NSW,Eastern Grey Kangaroo,-34.044,149.721,18275
East NSW,NSW,Eastern Grey Kangaroo,-33.228,150.060,5066
East NSW,NSW,Eastern Grey Kangaroo,-31.988,150.117,4129
East NSW,NSW,Eastern Grey Kangaroo,-34.994,150.845,16602
East NSW,NSW,Eastern Grey Kangaroo,-34.232,149.835,13370
East NSW,NSW,Eastern Grey Kangaroo,-35.123,150.077,7506
East NSW,NSW,Eastern Grey Kangaroo,-33.123,150.180,9150
East NSW,NSW,Eastern Grey Kangaroo,-32.588,149.014,10113
East NSW,NSW,Eastern Grey Kangaroo,-33.847,151.534,18269
East NSW,NSW,Eastern Grey Kangaroo,-34.926,150.037,11104
East NSW,NSW,Eastern Grey Kangaroo,-32.196,151.222,11123
East NSW,NSW,Eastern Grey Kangaroo,-32.798,151.757,14466
East NSW,NSW,Eastern Grey Kangaroo,-31.944,149.083,7774
East NSW,NSW,Eastern Grey Kangaroo,-34.686,150.707,2395
East NSW,NSW,Eastern Grey Kangaroo,-33.551,150.485,10609
East NSW,NSW,Eastern Grey Kangaroo,-34.241,149.066,19517
East NSW,NSW,Eastern Grey Kangaroo,-33.945,150.412,6112
East NSW,NSW,Eastern Grey Kangaroo,-32.852,150.250,3769
East NSW,NSW,Eastern Grey Kangaroo,-33.647,151.387,14857
East NSW,NSW,Eastern Grey Kangaroo,-33.847,149.861,17778
East NSW,NSW,Eastern Grey Kangaroo,-33.043,148.799,4206
East NSW,NSW,Eastern Grey Kangaroo,-31.852,150.010,5602
East NSW,NSW,Eastern Grey Kangaroo,-34.044,148.768,2007
East NSW,NSW,Eastern Grey Kangaroo,-33.273,150.317,13914
East NSW,NSW,Eastern Grey Kangaroo,-33.113,148.825,8814
East NSW,NSW,Eastern Grey Kangaroo,-33.112,149.075,10265
East NSW,NSW,Eastern Grey Kangaroo,-31.951,150.527,17536
East NSW,NSW,Eastern Grey Kangaroo,-34.782,151.317,17269
East NSW,NSW,Eastern Grey Kangaroo,-33.567,149.598,6722
East NSW,NSW,Eastern Grey Kangaroo,-34.853,149.696,10675
East NSW,NSW,Eastern Grey Kangaroo,-33.573,150.815,18919
East NSW,NSW,Eastern Grey Kangaroo,-35.121,151.643,19309
East NSW,NSW,Eastern Grey Kangaroo,-33.970,150.808,2886
East NSW,NSW,Eastern Grey Kangaroo,-32.622,149.554,4982
East NSW,NSW,Eastern Grey Kangaroo,-32.833,149.436,14016
East NSW,NSW,Eastern Grey Kangaroo,-32.112,149.738,9300
East NSW,NSW,Eastern Grey Kangaroo,-33.389,151.093,12802
East NSW,NSW,Eastern Grey Kangaroo,-33.036,150.562,8394
East NSW,NSW,Eastern Grey Kangaroo,-32.459,151.219,9429
East NSW,NSW,Eastern Grey Kangaroo,-34.520,150.177,2949
East NSW,NSW,Eastern Grey Kangaroo,-31.835,151.128,17474
East NSW,NSW,Eastern Grey Kangaroo,-34.319,150.816,13281
East NSW,NSW,Eastern Grey Kangaroo,-33.679,151.598,13453
East NSW,NSW,Eastern Grey Kangaroo,-31.953,149.767,9224
East NSW,NSW,Eastern Grey Kangaroo,-34.853,150.104,13066
East NSW,NSW,Eastern Grey Kangaroo,-34.505,150.597,2062
East NSW,NSW,Eastern Grey Kangaroo,-33.570,150.690,4778
East NSW,NSW,Eastern Grey Kangaroo,-32.362,148.984,14731
Central NSW,NSW,Eastern Grey Kangaroo,-31.510,148.401,17664
Central NSW,NSW,Eastern Grey Kangaroo,-31.211,147.262,12895
Central NSW,NSW,Eastern Grey Kangaroo,-33.457,149.106,14970
Central NSW,NSW,Eastern Grey Kangaroo,-32.403,148.376,4782
Central NSW,NSW,Eastern Grey Kangaroo,-31.671,146.312,6162
Central NSW,NSW,Eastern Grey Kangaroo,-33.623,147.827,17248
Central NSW,NSW,Eastern Grey Kangaroo,-31.442,146.226,17543
Central NSW,NSW,Eastern Grey Kangaroo,-31.860,146.961,19978
Central NSW,NSW,Eastern Grey Kangaroo,-32.165,145.777,5367
Central NSW,NSW,Eastern Grey Kangaroo,-32.226,149.061,16215
Central NSW,NSW,Eastern Grey Kangaroo,-30.938,146.401,8915
Central NSW,NSW,Eastern Grey Kangaroo,-33.622,146.466,18422
Central NSW,NSW,Eastern Grey Kangaroo,-33.026,147.811,10498
Central NSW,NSW,Eastern Grey Kangaroo,-32.176,148.703,3995
Central NSW,NSW,Eastern Grey Kangaroo,-31.152,146.974,17013
Central NSW,NSW,Eastern Grey Kangaroo,-31.845,148.634,18933
Central NSW,NSW,Eastern Grey Kangaroo,-32.522,149.004,18438
Central NSW,NSW,Eastern Grey Kangaroo,-33.334,146.247,18729
Central NSW,NSW,Eastern Grey Kangaroo,-33.648,147.284,8000
Central NSW,NSW,Eastern Grey Kangaroo,-31.996,148.494,6908
Central NSW,NSW,Eastern Grey Kangaroo,-33.217,147.405,5943
Central NSW,NSW,Eastern Grey Kangaroo,-32.142,146.874,18985
Central NSW,NSW,Eastern Grey Kangaroo,-32.214,147.437,5476
Central NSW,NSW,Eastern Grey Kangaroo,-31.227,145.905,8268
Central NSW,NSW,Eastern Grey Kangaroo,-32.925,148.480,18636
Central NSW,NSW,Eastern Grey Kangaroo,-32.434,145.800,4076
Central NSW,NSW,Eastern Grey Kangaroo,-32.459,147.905,18565
Central NSW,NSW,Eastern Grey Kangaroo,-32.003,146.418,11082
Central NSW,NSW,Eastern Grey Kangaroo,-32.433,147.620,17664
Central NSW,NSW,Eastern Grey Kangaroo,-32.278,146.592,19144
Central NSW,NSW,Eastern Grey Kangaroo,-31.246,149.092,10506
Central NSW,NSW,Eastern Grey Kangaroo,-31.116,148.914,8638
Central NSW,NSW,Eastern Grey Kangaroo,-31.348,146.194,5985
Central NSW,NSW,Eastern Grey Kangaroo,-32.601,146.838,9885
Central NSW,NSW,Eastern Grey Kangaroo,-32.501,146.466,11921
Central NSW,NSW,Eastern Grey Kangaroo,-31.505,148.929,7060
Central NSW,NSW,Eastern Grey Kangaroo,-31.069,148.016,13999
Central NSW,NSW,Eastern Grey Kangaroo,-33.300,148.878,17326
Central NSW,NSW,Eastern Grey Kangaroo,-33.085,149.129,15050
Central NSW,NSW,Eastern Grey Kangaroo,-31.222,146.286,9330
Central NSW,NSW,Eastern Grey Kangaroo,-33.248,147.253,18895
Central NSW,NSW,Eastern Grey Kangaroo,-32.569,147.217,13685
Central NSW,NSW,Eastern Grey Kangaroo,-32.808,148.300,2638
Central NSW,NSW,Eastern Grey Kangaroo,-32.754,147.351,2592
Central NSW,NSW,Eastern Grey Kangaroo,-32.624,147.563,11681
Central NSW,NSW,Eastern Grey Kangaroo,-32.266,145.931,9489
Central NSW,NSW,Eastern Grey Kangaroo,-30.979,146.077,10702
Central NSW,NSW,Eastern Grey Kangaroo,-32.939,148.961,7949
Central NSW,NSW,Eastern Grey Kangaroo,-32.943,146.166,15836
Central NSW,NSW,Eastern Grey Kangaroo,-31.321,148.134,10474
Western NSW,NSW,Red Kangaroo,-31.539,144.661,18868
Western NSW,NSW,Red Kangaroo,-30.946,145.382,4931
Western NSW,NSW,Red Kangaroo,-31.995,145.818,8007
Western NSW,NSW,Red Kangaroo,-31.469,142.619,2551
Western NSW,NSW,Red Kangaroo,-30.716,145.827,4744
Western NSW,NSW,Red Kangaroo,-30.811,143.279,10665
Western NSW,NSW,Red Kangaroo,-29.894,144.297,13113
Western NSW,NSW,Red Kangaroo,-29.420,144.138,10777
Western NSW,NSW,Red Kangaroo,-30.762,142.490,9813
Western NSW,NSW,Red Kangaroo,-29.623,146.565,10581
Western NSW,NSW,Red Kangaroo,-32.819,143.188,12223
Western NSW,NSW,Red Kangaroo,-30.737,144.637,8745
Western NSW,NSW,Red Kangaroo,-31.956,144.500,7829
Western NSW,NSW,Red Kangaroo,-32.026,145.836,10206
Western NSW,NSW,Red Kangaroo,-32.867,142.381,18569
Western NSW,NSW,Red Kangaroo,-31.016,143.134,17556
Western NSW,NSW,Red Kangaroo,-32.116,144.267,16161
Western NSW,NSW,Red Kangaroo,-30.637,144.702,14880
Western NSW,NSW,Red Kangaroo,-29.507,143.654,9051
Western NSW,NSW,Red Kangaroo,-29.463,143.808,6578
Western NSW,NSW,Red Kangaroo,-31.543,143.829,3782
Western NSW,NSW,Red Kangaroo,-29.987,142.363,10375
Western NSW,NSW,Red Kangaroo,-31.449,142.544,14480
Western NSW,NSW,Red Kangaroo,-29.866,145.250,11238
Western NSW,NSW,Red Kangaroo,-30.844,145.348,3482
Western NSW,NSW,Red Kangaroo,-31.346,142.993,16608
Western NSW,NSW,Red Kangaroo,-32.987,143.902,12778
Western NSW,NSW,Red Kangaroo,-29.499,144.707,10010
Western NSW,NSW,Red Kangaroo,-32.876,146.183,9139
Western NSW,NSW,Red Kangaroo,-31.716,142.305,14505
Western NSW,NSW,Red Kangaroo,-32.698,143.527,8585
Western NSW,NSW,Red Kangaroo,-32.107,145.715,4977
Western NSW,NSW,Red Kangaroo,-32.049,142.695,15091
Western NSW,NSW,Red Kangaroo,-30.888,144.034,11818
Western NSW,NSW,Red Kangaroo,-31.905,143.324,19340
Western NSW,NSW,Red Kangaroo,-29.928,142.983,14763
Western NSW,NSW,Red Kangaroo,-30.248,145.471,18193
Western NSW,NSW,Red Kangaroo,-32.462,145.486,6743
Western NSW,NSW,Red Kangaroo,-32.842,145.975,18809
Western NSW,NSW,Red Kangaroo,-30.742,145.529,18565
Western NSW,NSW,Red Kangaroo,-32.498,144.605,18527
Western NSW,NSW,Red Kangaroo,-30.953,145.877,2526
Western NSW,NSW,Red Kangaroo,-30.025,144.870,9534
Western NSW,NSW,Red Kangaroo,-32.694,142.484,13819
Western NSW,NSW,Red Kangaroo,-29.546,143.957,16791
Western NSW,NSW,Red Kangaroo,-30.989,145.062,19414
Western NSW,NSW,Red Kangaroo,-30.550,144.453,2108
Western NSW,NSW,Red Kangaroo,-31.355,142.608,18481
Western NSW,NSW,Red Kangaroo,-29.768,142.705,19235
Western NSW,NSW,Red Kangaroo,-32.762,145.542,10263
Western NSW,NSW,Red Kangaroo,-30.087,146.023,9693
Western NSW,NSW,Red Kangaroo,-30.374,143.203,17084
Western NSW,NSW,Red Kangaroo,-31.222,143.983,17696
Western NSW,NSW,Red Kangaroo,-29.722,143.564,3531
Western NSW,NSW,Red Kangaroo,-30.779,145.128,4538
Northern NSW,NSW,Eastern Grey Kangaroo,-29.501,149.262,11975
Northern NSW,NSW,Eastern Grey Kangaroo,-29.458,148.627,17807
Northern NSW,NSW,Eastern Grey Kangaroo,-30.579,149.060,5261
Northern NSW,NSW,Eastern Grey Kangaroo,-29.316,150.362,11530
Northern NSW,NSW,Eastern Grey Kangaroo,-29.282,149.114,17266
Northern NSW,NSW,Eastern Grey Kangaroo,-29.767,148.579,19992
Northern NSW,NSW,Eastern Grey Kangaroo,-30.301,151.330,17497
Northern NSW,NSW,Eastern Grey Kangaroo,-30.665,149.669,18600
Northern NSW,NSW,Eastern Grey Kangaroo,-28.764,149.638,10803
Northern NSW,NSW,Eastern Grey Kangaroo,-29.926,151.133,8904
Northern NSW,NSW,Eastern Grey Kangaroo,-30.551,148.489,19172
Northern NSW,NSW,Eastern Grey Kangaroo,-30.176,149.351,18670
Northern NSW,NSW,Eastern Grey Kangaroo,-30.141,148.561,13966
Northern NSW,NSW,Eastern Grey Kangaroo,-30.237,151.073,17929
Northern NSW,NSW,Eastern Grey Kangaroo,-29.912,148.709,18111
Northern NSW,NSW,Eastern Grey Kangaroo,-29.337,149.497,6610
Northern NSW,NSW,Eastern Grey Kangaroo,-29.868,149.404,5961
Northern NSW,NSW,Eastern Grey Kangaroo,-29.020,148.206,13084
Northern NSW,NSW,Eastern Grey Kangaroo,-29.022,148.584,8414
Northern NSW,NSW,Eastern Grey Kangaroo,-29.274,151.085,11497
Northern NSW,NSW,Eastern Grey Kangaroo,-30.194,148.408,14784
Northern NSW,NSW,Eastern Grey Kangaroo,-28.702,150.085,13819
Northern NSW,NSW,Eastern Grey Kangaroo,-28.849,150.618,3581
Northern NSW,NSW,Eastern Grey Kangaroo,-30.139,148.365,11359
Northern NSW,NSW,Eastern Grey Kangaroo,-29.430,148.677,10707
Northern NSW,NSW,Eastern Grey Kangaroo,-29.828,149.210,14233
Northern NSW,NSW,Eastern Grey Kangaroo,-29.130,149.569,2950
Northern NSW,NSW,Eastern Grey Kangaroo,-29.076,150.219,19997
Northern NSW,NSW,Eastern Grey Kangaroo,-30.293,148.458,15463
Northern NSW,NSW,Eastern Grey Kangaroo,-29.798,150.609,11378
Northern NSW,NSW,Eastern Grey Kangaroo,-29.729,151.118,6171
Northern NSW,NSW,Eastern Grey Kangaroo,-30.358,149.528,11232
Northern NSW,NSW,Eastern Grey Kangaroo,-30.104,150.565,10525
Northern NSW,NSW,Eastern Grey Kangaroo,-29.888,148.964,17832
Northern NSW,NSW,Eastern Grey Kangaroo,-29.585,149.462,7483
North East NSW,NSW,Eastern Grey Kangaroo,-29.942,151.905,18403
North East NSW,NSW,Eastern Grey Kangaroo,-29.469,152.496,9209
North East NSW,NSW,Eastern Grey Kangaroo,-30.285,152.266,16744
North East NSW,NSW,Eastern Grey Kangaroo,-30.331,152.567,9998
North East NSW,NSW,Eastern Grey Kangaroo,-30.937,152.279,4984
North East NSW,NSW,Eastern Grey Kangaroo,-30.525,152.316,8623
North East NSW,NSW,Eastern Grey Kangaroo,-29.503,152.850,15526
North East NSW,NSW,Eastern Grey Kangaroo,-30.411,152.844,8881
North East NSW,NSW,Eastern Grey Kangaroo,-30.422,152.273,4033
North East NSW,NSW,Eastern Grey Kangaroo,-30.203,152.604,13801
North East NSW,NSW,Eastern Grey Kangaroo,-30.873,152.505,9076
North East NSW,NSW,Eastern Grey Kangaroo,-30.933,153.056,14601
North East NSW,NSW,Eastern Grey Kangaroo,-30.380,152.424,12224
North East NSW,NSW,Eastern Grey Kangaroo,-29.572,153.022,2714
North East NSW,NSW,Eastern Grey Kangaroo,-30.871,152.395,17508
North East NSW,NSW,Eastern Grey Kangaroo,-29.357,152.486,4396
North East NSW,NSW,Eastern Grey Kangaroo,-30.395,153.098,19296
North East NSW,NSW,Eastern Grey Kangaroo,-29.560,153.161,10141
North East NSW,NSW,Eastern Grey Kangaroo,-29.690,152.113,6982
North East NSW,NSW,Eastern Grey Kangaroo,-30.160,152.755,16985
North East NSW,NSW,Eastern Grey Kangaroo,-30.947,152.888,2044
North East NSW,NSW,Eastern Grey Kangaroo,-29.692,152.126,3231
North East NSW,NSW,Eastern Grey Kangaroo,-29.938,152.225,6193
North East NSW,NSW,Eastern Grey Kangaroo,-29.972,152.540,16333
North East NSW,NSW,Eastern Grey Kangaroo,-29.843,151.957,4305
QLD East,QLD,Eastern Grey Kangaroo,-27.299,152.564,8281
QLD East,QLD,Eastern Grey Kangaroo,-26.948,150.837,2037
QLD East,QLD,Eastern Grey Kangaroo,-28.458,151.024,17095
QLD East,QLD,Eastern Grey Kangaroo,-27.386,151.059,9941
QLD East,QLD,Eastern Grey Kangaroo,-26.599,150.863,10095
QLD East,QLD,Eastern Grey Kangaroo,-28.383,151.288,12072
QLD East,QLD,Eastern Grey Kangaroo,-28.279,150.766,15763
QLD East,QLD,Eastern Grey Kangaroo,-28.176,150.847,15904
QLD East,QLD,Eastern Grey Kangaroo,-24.799,150.844,3117
QLD East,QLD,Eastern Grey Kangaroo,-25.717,152.024,13872
QLD East,QLD,Eastern Grey Kangaroo,-25.770,150.775,11571
QLD East,QLD,Eastern Grey Kangaroo,-25.543,151.512,8724
QLD East,QLD,Eastern Grey Kangaroo,-26.517,150.781,8354
QLD East,QLD,Eastern Grey Kangaroo,-27.577,150.831,11664
QLD East,QLD,Eastern Grey Kangaroo,-28.064,151.797,8137
QLD East,QLD,Eastern Grey Kangaroo,-24.914,151.464,3848
QLD East,QLD,Eastern Grey Kangaroo,-24.705,150.651,14892
QLD East,QLD,Eastern Grey Kangaroo,-28.283,150.357,6650
QLD East,QLD,Eastern Grey Kangaroo,-26.838,152.004,8032
QLD East,QLD,Eastern Grey Kangaroo,-26.927,152.456,12295
QLD East,QLD,Eastern Grey Kangaroo,-25.569,152.694,7427
QLD East,QLD,Eastern Grey Kangaroo,-27.183,150.745,19196
QLD East,QLD,Eastern Grey Kangaroo,-25.515,150.377,14406
QLD East,QLD,Eastern Grey Kangaroo,-25.143,152.664,16497
QLD East,QLD,Eastern Grey Kangaroo,-27.823,150.307,11168
QLD East,QLD,Eastern Grey Kangaroo,-28.177,151.308,6053
QLD East,QLD,Eastern Grey Kangaroo,-26.255,152.121,14456
QLD East,QLD,Eastern Grey Kangaroo,-27.073,152.272,16170
QLD East,QLD,Eastern Grey Kangaroo,-28.149,151.993,8413
QLD East,QLD,Eastern Grey Kangaroo,-27.009,152.507,8325
QLD East,QLD,Eastern Grey Kangaroo,-27.207,152.070,17549
QLD East,QLD,Eastern Grey Kangaroo,-28.379,151.286,15263
QLD East,QLD,Eastern Grey Kangaroo,-28.337,150.384,4050
QLD East,QLD,Eastern Grey Kangaroo,-25.287,150.449,8387
QLD East,QLD,Eastern Grey Kangaroo,-25.511,152.457,13110
QLD East,QLD,Eastern Grey Kangaroo,-27.048,151.104,3428
QLD East,QLD,Eastern Grey Kangaroo,-27.451,152.020,12370
QLD East,QLD,Eastern Grey Kangaroo,-24.803,151.014,4140
QLD East,QLD,Eastern Grey Kangaroo,-28.403,150.861,17570
QLD East,QLD,Eastern Grey Kangaroo,-25.638,151.418,14665
QLD East,QLD,Eastern Grey Kangaroo,-25.341,152.493,18170
QLD East,QLD,Eastern Grey Kangaroo,-27.969,151.492,2285
QLD East,QLD,Eastern Grey Kangaroo,-25.290,152.072,6958
QLD East,QLD,Eastern Grey Kangaroo,-26.071,151.087,12470
QLD East,QLD,Eastern Grey Kangaroo,-26.657,152.181,4589
QLD East,QLD,Eastern Grey Kangaroo,-26.452,151.240,7240
QLD East,QLD,Eastern Grey Kangaroo,-27.511,150.455,3109
QLD East,QLD,Eastern Grey Kangaroo,-26.573,151.607,7265
QLD East,QLD,Eastern Grey Kangaroo,-24.579,152.420,4364
QLD East,QLD,Eastern Grey Kangaroo,-27.440,150.502,5159
QLD East,QLD,Eastern Grey Kangaroo,-26.816,152.672,16646
QLD East,QLD,Eastern Grey Kangaroo,-27.807,150.619,17103
QLD East,QLD,Eastern Grey Kangaroo,-26.019,151.918,19647
QLD East,QLD,Eastern Grey Kangaroo,-25.112,151.895,5970
QLD East,QLD,Eastern Grey Kangaroo,-25.381,151.005,11155
QLD Central,QLD,Red Kangaroo,-23.259,144.992,10530
QLD Central,QLD,Red Kangaroo,-24.583,144.490,10039
QLD Central,QLD,Red Kangaroo,-24.452,144.625,8168
QLD Central,QLD,Red Kangaroo,-24.125,145.084,10059
QLD Central,QLD,Red Kangaroo,-23.474,144.426,5294
QLD Central,QLD,Red Kangaroo,-22.948,147.464,5353
QLD Central,QLD,Red Kangaroo,-25.284,147.031,9573
QLD Central,QLD,Red Kangaroo,-22.274,147.158,3322
QLD Central,QLD,Red Kangaroo,-22.143,144.432,3651
QLD Central,QLD,Red Kangaroo,-24.618,147.392,8362
QLD Central,QLD,Red Kangaroo,-21.951,144.989,7824
QLD Central,QLD,Red Kangaroo,-23.683,144.540,2207
QLD Central,QLD,Red Kangaroo,-24.919,145.885,13458
QLD Central,QLD,Red Kangaroo,-24.516,144.975,6632
QLD Central,QLD,Red Kangaroo,-25.141,147.499,3252
QLD Central,QLD,Red Kangaroo,-23.142,146.107,8666
QLD Central,QLD,Red Kangaroo,-22.367,146.775,15401
QLD Central,QLD,Red Kangaroo,-22.858,144.241,12230
QLD Central,QLD,Red Kangaroo,-25.019,143.626,18240
QLD Central,QLD,Red Kangaroo,-23.327,143.753,5322
QLD Central,QLD,Red Kangaroo,-22.435,146.156,7064
QLD Central,QLD,Red Kangaroo,-22.999,143.865,7363
QLD Central,QLD,Red Kangaroo,-23.868,144.585,11283
QLD Central,QLD,Red Kangaroo,-22.896,145.171,3682
QLD Central,QLD,Red Kangaroo,-24.175,145.766,13704
QLD Central,QLD,Red Kangaroo,-23.809,143.573,13920
QLD Central,QLD,Red Kangaroo,-22.980,145.063,15270
QLD Central,QLD,Red Kangaroo,-24.567,143.524,7130
QLD Central,QLD,Red Kangaroo,-23.774,146.781,15310
QLD Central,QLD,Red Kangaroo,-23.220,144.959,7326
QLD Central,QLD,Red Kangaroo,-24.832,143.707,6669
QLD Central,QLD,Red Kangaroo,-22.994,147.139,4917
QLD Central,QLD,Red Kangaroo,-23.238,147.209,18530
QLD Central,QLD,Red Kangaroo,-24.682,144.892,7302
QLD Central,QLD,Red Kangaroo,-23.424,147.202,5564
QLD Central,QLD,Red Kangaroo,-23.919,146.514,8466
QLD Central,QLD,Red Kangaroo,-24.214,146.849,3425
QLD Central,QLD,Red Kangaroo,-21.788,145.431,3748
QLD Central,QLD,Red Kangaroo,-23.112,146.045,4827
QLD Central,QLD,Red Kangaroo,-22.045,145.981,7251
QLD Central,QLD,Red Kangaroo,-22.995,146.926,15254
QLD Central,QLD,Red Kangaroo,-23.087,144.284,17497
QLD Central,QLD,Red Kangaroo,-24.641,144.373,15098
QLD Central,QLD,Red Kangaroo,-21.921,144.126,13770
QLD Central,QLD,Red Kangaroo,-24.857,144.488,8310
QLD Central,QLD,Red Kangaroo,-25.152,145.749,3249
QLD Central,QLD,Red Kangaroo,-22.896,144.797,14774
QLD Central,QLD,Red Kangaroo,-23.142,145.700,12034
QLD Central,QLD,Red Kangaroo,-22.963,144.733,10167
QLD Central,QLD,Red Kangaroo,-23.767,146.135,16640
QLD South West,QLD,Red Kangaroo,-27.490,146.344,2114
QLD South West,QLD,Red Kangaroo,-27.167,147.462,9708
QLD South West,QLD,Red Kangaroo,-27.649,147.927,17017
QLD South West,QLD,Red Kangaroo,-26.558,148.618,15118
QLD South West,QLD,Red Kangaroo,-28.600,146.162,16109
QLD South West,QLD,Red Kangaroo,-27.877,148.588,18526
QLD South West,QLD,Red Kangaroo,-27.472,145.847,6268
QLD South West,QLD,Red Kangaroo,-28.670,148.341,18760
QLD South West,QLD,Red Kangaroo,-28.676,148.407,14381
QLD South West,QLD,Red Kangaroo,-27.072,148.523,2847
QLD South West,QLD,Red Kangaroo,-26.500,149.286,5590
QLD South West,QLD,Red Kangaroo,-28.358,149.234,18117
QLD South West,QLD,Red Kangaroo,-28.094,148.620,7410
QLD South West,QLD,Red Kangaroo,-26.979,148.296,9245
QLD South West,QLD,Red Kangaroo,-28.717,146.963,10264
QLD South West,QLD,Red Kangaroo,-28.455,148.928,11010
QLD South West,QLD,Red Kangaroo,-26.366,147.343,10328
QLD South West,QLD,Red Kangaroo,-27.494,149.012,8826
QLD South West,QLD,Red Kangaroo,-27.243,147.917,9779
QLD South West,QLD,Red Kangaroo,-28.007,145.833,7966
QLD South West,QLD,Red Kangaroo,-27.770,147.992,11115
QLD South West,QLD,Red Kangaroo,-26.997,148.923,7529
QLD South West,QLD,Red Kangaroo,-26.682,146.652,19390
QLD South West,QLD,Red Kangaroo,-28.764,148.790,16845
QLD South West,QLD,Red Kangaroo,-27.345,147.788,5427
QLD South West,QLD,Red Kangaroo,-28.194,147.629,14918
QLD South West,QLD,Red Kangaroo,-26.834,147.037,14312
QLD South West,QLD,Red Kangaroo,-26.127,147.778,13804
QLD South West,QLD,Red Kangaroo,-27.974,145.993,9538
QLD South West,QLD,Red Kangaroo,-28.405,148.377,3582
QLD South West,QLD,Red Kangaroo,-28.070,147.558,12160
QLD South West,QLD,Red Kangaroo,-27.110,149.243,12244
QLD South West,QLD,Red Kangaroo,-26.847,148.390,9262
QLD South West,QLD,Red Kangaroo,-28.482,147.918,16163
QLD South West,QLD,Red Kangaroo,-27.730,147.011,3565
QLD South West,QLD,Red Kangaroo,-28.530,146.518,3493
QLD South West,QLD,Red Kangaroo,-28.838,145.709,13631
QLD South West,QLD,Red Kangaroo,-28.050,147.583,19501
QLD South West,QLD,Red Kangaroo,-28.272,147.801,6381
QLD South West,QLD,Red Kangaroo,-28.328,147.946,17561
QLD South West,QLD,Red Kangaroo,-28.456,145.751,9981
QLD South West,QLD,Red Kangaroo,-26.919,147.323,4086
QLD South West,QLD,Red Kangaroo,-27.113,148.837,10839
QLD South West,QLD,Red Kangaroo,-27.775,146.651,2376
QLD South West,QLD,Red Kangaroo,-28.743,148.655,13479
Darling Downs,QLD,Eastern Grey Kangaroo,-27.848,150.688,18960
Darling Downs,QLD,Eastern Grey Kangaroo,-27.626,149.896,2013
Darling Downs,QLD,Eastern Grey Kangaroo,-28.730,150.576,15303
Darling Downs,QLD,Eastern Grey Kangaroo,-28.503,149.682,5437
Darling Downs,QLD,Eastern Grey Kangaroo,-28.780,150.622,8463
Darling Downs,QLD,Eastern Grey Kangaroo,-28.572,149.779,18611
Darling Downs,QLD,Eastern Grey Kangaroo,-27.764,150.297,7722
Darling Downs,QLD,Eastern Grey Kangaroo,-27.986,149.453,3588
Darling Downs,QLD,Eastern Grey Kangaroo,-27.210,151.038,17660
Darling Downs,QLD,Eastern Grey Kangaroo,-27.655,149.315,16308
Darling Downs,QLD,Eastern Grey Kangaroo,-27.608,150.417,16827
Darling Downs,QLD,Eastern Grey Kangaroo,-28.519,151.692,10566
Darling Downs,QLD,Eastern Grey Kangaroo,-28.428,149.393,12994
Darling Downs,QLD,Eastern Grey Kangaroo,-27.374,151.520,10627
Darling Downs,QLD,Eastern Grey Kangaroo,-27.661,149.938,16288
Darling Downs,QLD,Eastern Grey Kangaroo,-27.703,151.501,10693
Darling Downs,QLD,Eastern Grey Kangaroo,-28.327,151.529,9110
Darling Downs,QLD,Eastern Grey Kangaroo,-28.663,150.518,7563
Darling Downs,QLD,Eastern Grey Kangaroo,-28.383,149.867,8644
Darling Downs,QLD,Eastern Grey Kangaroo,-27.288,151.091,12710
Darling Downs,QLD,Eastern Grey Kangaroo,-28.493,150.233,9837
Darling Downs,QLD,Eastern Grey Kangaroo,-28.193,151.345,19575
Darling Downs,QLD,Eastern Grey Kangaroo,-28.049,151.315,2209
Darling Downs,QLD,Eastern Grey Kangaroo,-27.428,150.349,9662
Darling Downs,QLD,Eastern Grey Kangaroo,-27.887,150.039,8945
Darling Downs,QLD,Eastern Grey Kangaroo,-28.173,150.705,7621
Darling Downs,QLD,Eastern Grey Kangaroo,-28.569,149.365,5495
Darling Downs,QLD,Eastern Grey Kangaroo,-27.805,149.688,6647
Darling Downs,QLD,Eastern Grey Kangaroo,-27.679,149.374,6535
Darling Downs,QLD,Eastern Grey Kangaroo,-27.692,150.821,4222
QLD North,QLD,Wallaroo,-19.790,144.697,13908
QLD North,QLD,Wallaroo,-21.402,147.364,19494
QLD North,QLD,Wallaroo,-19.326,144.698,14577
QLD North,QLD,Wallaroo,-21.679,145.117,5669
QLD North,QLD,Wallaroo,-21.898,147.348,4866
QLD North,QLD,Wallaroo,-19.525,146.395,11416
QLD North,QLD,Wallaroo,-20.569,144.898,8717
QLD North,QLD,Wallaroo,-21.117,145.510,10557
QLD North,QLD,Wallaroo,-21.937,145.270,11260
QLD North,QLD,Wallaroo,-21.855,146.780,12512
QLD North,QLD,Wallaroo,-19.692,146.306,17600
QLD North,QLD,Wallaroo,-19.446,146.355,3015
QLD North,QLD,Wallaroo,-19.633,144.594,18994
QLD North,QLD,Wallaroo,-19.681,145.540,3576
QLD North,QLD,Wallaroo,-20.386,145.150,4978
QLD North,QLD,Wallaroo,-20.276,145.361,16288
QLD North,QLD,Wallaroo,-21.996,145.106,3768
QLD North,QLD,Wallaroo,-21.987,145.972,18104
QLD North,QLD,Wallaroo,-19.914,146.976,18206
QLD North,QLD,Wallaroo,-20.222,147.372,18880
QLD North,QLD,Wallaroo,-21.218,147.332,11297
QLD North,QLD,Wallaroo,-19.554,147.315,9586
QLD North,QLD,Wallaroo,-20.505,144.830,4650
QLD North,QLD,Wallaroo,-20.529,147.473,5426
QLD North,QLD,Wallaroo,-20.116,145.567,15148
VIC West,VIC,Western Grey Kangaroo,-36.729,143.676,4823
VIC West,VIC,Western Grey Kangaroo,-37.640,142.938,14188
VIC West,VIC,Western Grey Kangaroo,-38.029,141.790,19856
VIC West,VIC,Western Grey Kangaroo,-37.498,142.138,9653
VIC West,VIC,Western Grey Kangaroo,-36.701,141.381,3110
VIC West,VIC,Western Grey Kangaroo,-37.773,141.980,7089
VIC West,VIC,Western Grey Kangaroo,-36.838,142.351,12595
VIC West,VIC,Western Grey Kangaroo,-38.095,142.316,10428
VIC West,VIC,Western Grey Kangaroo,-37.357,141.378,17139
VIC West,VIC,Western Grey Kangaroo,-37.243,143.090,18636
VIC West,VIC,Western Grey Kangaroo,-38.055,141.905,7065
VIC West,VIC,Western Grey Kangaroo,-37.098,143.924,12700
VIC West,VIC,Western Grey Kangaroo,-37.315,142.046,9740
VIC West,VIC,Western Grey Kangaroo,-37.809,141.568,5335
VIC West,VIC,Western Grey Kangaroo,-38.104,142.974,8403
VIC West,VIC,Western Grey Kangaroo,-37.708,143.951,11899
VIC West,VIC,Western Grey Kangaroo,-37.080,142.305,8428
VIC West,VIC,Western Grey Kangaroo,-38.203,143.734,11201
VIC West,VIC,Western Grey Kangaroo,-38.028,142.165,3111
VIC West,VIC,Western Grey Kangaroo,-38.377,143.563,16304
VIC West,VIC,Western Grey Kangaroo,-37.152,142.501,11706
VIC West,VIC,Western Grey Kangaroo,-37.566,141.425,15261
VIC West,VIC,Western Grey Kangaroo,-38.390,141.727,16091
VIC West,VIC,Western Grey Kangaroo,-37.138,142.762,15800
VIC West,VIC,Western Grey Kangaroo,-36.877,143.004,9490
VIC West,VIC,Western Grey Kangaroo,-37.177,142.925,16873
VIC West,VIC,Western Grey Kangaroo,-37.621,141.779,5206
VIC West,VIC,Western Grey Kangaroo,-36.789,141.727,15111
VIC West,VIC,Western Grey Kangaroo,-37.116,142.889,10193
VIC West,VIC,Western Grey Kangaroo,-36.871,142.448,2644
VIC West,VIC,Western Grey Kangaroo,-37.281,142.228,7998
VIC West,VIC,Western Grey Kangaroo,-36.790,141.984,2348
VIC West,VIC,Western Grey Kangaroo,-37.700,142.470,5485
VIC West,VIC,Western Grey Kangaroo,-38.331,142.630,7270
VIC West,VIC,Western Grey Kangaroo,-37.111,143.854,8547
VIC Central,VIC,Eastern Grey Kangaroo,-36.973,143.902,16967
VIC Central,VIC,Eastern Grey Kangaroo,-36.943,145.135,18783
VIC Central,VIC,Eastern Grey Kangaroo,-37.677,145.285,14121
VIC Central,VIC,Eastern Grey Kangaroo,-36.970,144.521,16972
VIC Central,VIC,Eastern Grey Kangaroo,-37.406,145.069,14861
VIC Central,VIC,Eastern Grey Kangaroo,-36.981,145.565,13648
VIC Central,VIC,Eastern Grey Kangaroo,-36.807,144.205,14512
VIC Central,VIC,Eastern Grey Kangaroo,-37.140,143.727,15716
VIC Central,VIC,Eastern Grey Kangaroo,-36.418,144.957,13538
VIC Central,VIC,Eastern Grey Kangaroo,-36.888,143.919,11944
VIC Central,VIC,Eastern Grey Kangaroo,-36.662,145.580,19271
VIC Central,VIC,Eastern Grey Kangaroo,-36.340,145.688,14843
VIC Central,VIC,Eastern Grey Kangaroo,-37.053,144.029,4257
VIC Central,VIC,Eastern Grey Kangaroo,-36.567,144.969,17373
VIC Central,VIC,Eastern Grey Kangaroo,-36.801,145.141,6792
VIC Central,VIC,Eastern Grey Kangaroo,-37.206,144.978,15542
VIC Central,VIC,Eastern Grey Kangaroo,-37.045,144.289,19965
VIC Central,VIC,Eastern Grey Kangaroo,-36.791,145.260,17381
VIC Central,VIC,Eastern Grey Kangaroo,-37.203,145.401,10762
VIC Central,VIC,Eastern Grey Kangaroo,-36.714,145.075,15962
VIC Central,VIC,Eastern Grey Kangaroo,-36.750,144.663,11214
VIC Central,VIC,Eastern Grey Kangaroo,-37.199,145.009,12496
VIC Central,VIC,Eastern Grey Kangaroo,-37.029,144.557,4799
VIC Central,VIC,Eastern Grey Kangaroo,-36.777,144.425,11934
VIC Central,VIC,Eastern Grey Kangaroo,-36.504,143.814,12639
Gippsland,VIC,Eastern Grey Kangaroo,-37.159,146.565,13309
Gippsland,VIC,Eastern Grey Kangaroo,-37.340,146.239,2376
Gippsland,VIC,Eastern Grey Kangaroo,-37.848,146.387,11600
Gippsland,VIC,Eastern Grey Kangaroo,-37.800,146.464,6677
Gippsland,VIC,Eastern Grey Kangaroo,-37.075,146.683,16809
Gippsland,VIC,Eastern Grey Kangaroo,-37.684,146.597,15188
Gippsland,VIC,Eastern Grey Kangaroo,-37.150,146.637,4962
Gippsland,VIC,Eastern Grey Kangaroo,-37.298,148.524,11733
Gippsland,VIC,Eastern Grey Kangaroo,-37.863,148.001,19393
Gippsland,VIC,Eastern Grey Kangaroo,-38.006,148.382,5833
Gippsland,VIC,Eastern Grey Kangaroo,-37.434,146.888,9673
Gippsland,VIC,Eastern Grey Kangaroo,-37.108,147.430,3915
Gippsland,VIC,Eastern Grey Kangaroo,-37.519,148.554,18101
Gippsland,VIC,Eastern Grey Kangaroo,-37.804,146.628,2216
Gippsland,VIC,Eastern Grey Kangaroo,-37.908,147.034,18305
Gippsland,VIC,Eastern Grey Kangaroo,-37.302,148.385,14286
Gippsland,VIC,Eastern Grey Kangaroo,-37.589,148.800,4470
Gippsland,VIC,Eastern Grey Kangaroo,-37.883,147.137,2934
Gippsland,VIC,Eastern Grey Kangaroo,-38.075,146.319,12828
Gippsland,VIC,Eastern Grey Kangaroo,-37.130,146.444,17865
Gippsland,VIC,Eastern Grey Kangaroo,-37.518,148.534,3110
Gippsland,VIC,Eastern Grey Kangaroo,-37.844,147.281,6158
Gippsland,VIC,Eastern Grey Kangaroo,-37.694,148.440,13998
Gippsland,VIC,Eastern Grey Kangaroo,-37.690,148.224,8905
Gippsland,VIC,Eastern Grey Kangaroo,-37.759,147.089,10243
SA South East,SA,Western Grey Kangaroo,-35.403,140.653,11597
SA South East,SA,Western Grey Kangaroo,-35.761,139.987,12935
SA South East,SA,Western Grey Kangaroo,-35.493,139.543,18594
SA South East,SA,Western Grey Kangaroo,-35.779,139.407,18128
SA South East,SA,Western Grey Kangaroo,-34.974,139.662,12390
SA South East,SA,Western Grey Kangaroo,-35.116,139.255,4869
SA South East,SA,Western Grey Kangaroo,-34.988,139.080,15304
SA South East,SA,Western Grey Kangaroo,-35.418,139.099,11843
SA South East,SA,Western Grey Kangaroo,-36.205,139.093,17566
SA South East,SA,Western Grey Kangaroo,-35.304,140.316,18411
SA South East,SA,Western Grey Kangaroo,-34.762,140.223,6818
SA South East,SA,Western Grey Kangaroo,-35.272,140.393,4719
SA South East,SA,Western Grey Kangaroo,-36.017,140.334,17003
SA South East,SA,Western Grey Kangaroo,-35.275,139.348,7940
SA South East,SA,Western Grey Kangaroo,-34.835,139.843,5296
SA South East,SA,Western Grey Kangaroo,-34.755,140.311,14087
SA South East,SA,Western Grey Kangaroo,-34.831,139.277,12136
SA South East,SA,Western Grey Kangaroo,-35.388,139.516,11897
SA South East,SA,Western Grey Kangaroo,-36.067,139.068,2668
SA South East,SA,Western Grey Kangaroo,-35.625,140.284,3789
SA South East,SA,Western Grey Kangaroo,-35.504,140.044,5894
SA South East,SA,Western Grey Kangaroo,-35.007,139.842,15259
SA South East,SA,Western Grey Kangaroo,-35.596,139.028,14685
SA South East,SA,Western Grey Kangaroo,-35.331,140.986,7088
SA South East,SA,Western Grey Kangaroo,-35.544,139.825,5343
SA South East,SA,Western Grey Kangaroo,-36.251,139.944,6973
SA South East,SA,Western Grey Kangaroo,-35.272,139.854,2305
SA South East,SA,Western Grey Kangaroo,-35.169,139.243,4888
SA South East,SA,Western Grey Kangaroo,-36.007,139.243,17477
SA South East,SA,Western Grey Kangaroo,-36.368,140.439,9938
Eyre Peninsula,SA,Western Grey Kangaroo,-33.628,136.288,3642
Eyre Peninsula,SA,Western Grey Kangaroo,-33.849,136.294,6744
Eyre Peninsula,SA,Western Grey Kangaroo,-32.903,134.969,18321
Eyre Peninsula,SA,Western Grey Kangaroo,-33.602,136.665,10324
Eyre Peninsula,SA,Western Grey Kangaroo,-32.425,134.905,3047
Eyre Peninsula,SA,Western Grey Kangaroo,-34.770,134.829,4610
Eyre Peninsula,SA,Western Grey Kangaroo,-33.789,135.425,7439
Eyre Peninsula,SA,Western Grey Kangaroo,-32.310,136.470,3958
Eyre Peninsula,SA,Western Grey Kangaroo,-33.978,136.698,16376
Eyre Peninsula,SA,Western Grey Kangaroo,-33.579,135.133,5824
Eyre Peninsula,SA,Western Grey Kangaroo,-33.856,136.090,15695
Eyre Peninsula,SA,Western Grey Kangaroo,-33.560,136.356,16835
Eyre Peninsula,SA,Western Grey Kangaroo,-32.343,136.369,12940
Eyre Peninsula,SA,Western Grey Kangaroo,-34.040,134.921,12880
Eyre Peninsula,SA,Western Grey Kangaroo,-32.539,136.251,2507
Eyre Peninsula,SA,Western Grey Kangaroo,-32.639,136.002,12112
Eyre Peninsula,SA,Western Grey Kangaroo,-33.280,136.753,10064
Eyre Peninsula,SA,Western Grey Kangaroo,-33.821,136.170,9679
Eyre Peninsula,SA,Western Grey Kangaroo,-32.701,135.367,2055
Eyre Peninsula,SA,Western Grey Kangaroo,-33.964,135.336,7153
Eyre Peninsula,SA,Western Grey Kangaroo,-33.275,136.432,3385
Eyre Peninsula,SA,Western Grey Kangaroo,-34.050,135.081,6816
Eyre Peninsula,SA,Western Grey Kangaroo,-34.088,136.502,19951
Eyre Peninsula,SA,Western Grey Kangaroo,-33.020,136.627,13365
Eyre Peninsula,SA,Western Grey Kangaroo,-33.410,135.880,17884
SA Mid North,SA,Western Grey Kangaroo,-32.405,138.081,9668
SA Mid North,SA,Western Grey Kangaroo,-33.381,137.881,14959
SA Mid North,SA,Western Grey Kangaroo,-33.069,138.089,10347
SA Mid North,SA,Western Grey Kangaroo,-32.827,137.813,14614
SA Mid North,SA,Western Grey Kangaroo,-33.081,137.923,13636
SA Mid North,SA,Western Grey Kangaroo,-32.456,138.126,19073
SA Mid North,SA,Western Grey Kangaroo,-32.206,139.039,19100
SA Mid North,SA,Western Grey Kangaroo,-33.358,138.509,8614
SA Mid North,SA,Western Grey Kangaroo,-33.622,138.069,7920
SA Mid North,SA,Western Grey Kangaroo,-32.388,138.206,13760
SA Mid North,SA,Western Grey Kangaroo,-33.195,138.524,6882
SA Mid North,SA,Western Grey Kangaroo,-33.507,139.092,18163
SA Mid North,SA,Western Grey Kangaroo,-33.252,137.949,17185
SA Mid North,SA,Western Grey Kangaroo,-32.425,138.019,2994
SA Mid North,SA,Western Grey Kangaroo,-33.310,138.527,2674
SA Mid North,SA,Western Grey Kangaroo,-33.812,138.087,17935
SA Mid North,SA,Western Grey Kangaroo,-32.827,138.099,11169
SA Mid North,SA,Western Grey Kangaroo,-33.148,139.125,6289
Flinders Ranges,SA,Red Kangaroo,-31.541,137.668,8586
Flinders Ranges,SA,Red Kangaroo,-29.912,138.281,2901
Flinders Ranges,SA,Red Kangaroo,-31.988,138.603,17016
Flinders Ranges,SA,Red Kangaroo,-31.029,139.122,4103
Flinders Ranges,SA,Red Kangaroo,-30.201,138.752,5929
Flinders Ranges,SA,Red Kangaroo,-30.546,137.762,12443
Flinders Ranges,SA,Red Kangaroo,-30.858,138.753,18597
Flinders Ranges,SA,Red Kangaroo,-31.235,138.407,7233
Flinders Ranges,SA,Red Kangaroo,-31.284,138.023,9265
Flinders Ranges,SA,Red Kangaroo,-31.721,139.295,13534
Flinders Ranges,SA,Red Kangaroo,-31.970,138.595,2910
Flinders Ranges,SA,Red Kangaroo,-30.258,137.685,18820
Flinders Ranges,SA,Red Kangaroo,-30.539,138.764,17840
Flinders Ranges,SA,Red Kangaroo,-31.977,137.861,2189
Flinders Ranges,SA,Red Kangaroo,-30.033,138.818,11790
Flinders Ranges,SA,Red Kangaroo,-30.802,138.394,5454
Flinders Ranges,SA,Red Kangaroo,-31.064,138.269,14781
Flinders Ranges,SA,Red Kangaroo,-31.827,138.466,7523
Kangaroo Island,SA,Tammar Wallaby,-35.862,137.438,2413
Kangaroo Island,SA,Tammar Wallaby,-35.856,137.554,3180
Kangaroo Island,SA,Tammar Wallaby,-35.919,137.466,4548
Kangaroo Island,SA,Tammar Wallaby,-35.763,137.503,6579
Kangaroo Island,SA,Tammar Wallaby,-35.794,137.604,14618
Kangaroo Island,SA,Tammar Wallaby,-35.782,137.241,16822
Kangaroo Island,SA,Tammar Wallaby,-35.756,136.905,9663
Kangaroo Island,SA,Tammar Wallaby,-35.854,137.241,6678
Kangaroo Island,SA,Tammar Wallaby,-35.884,137.360,7906
Kangaroo Island,SA,Tammar Wallaby,-35.807,137.159,6741
Kangaroo Island,SA,Tammar Wallaby,-35.862,136.714,15705
Kangaroo Island,SA,Tammar Wallaby,-35.868,136.721,10883
Kangaroo Island,SA,Tammar Wallaby,-35.836,136.876,7498
Kangaroo Island,SA,Tammar Wallaby,-35.898,136.670,16948
WA South West,WA,Western Grey Kangaroo,-32.210,115.457,18824
WA South West,WA,Western Grey Kangaroo,-34.918,118.580,8919
WA South West,WA,Western Grey Kangaroo,-33.308,118.341,5905
WA South West,WA,Western Grey Kangaroo,-34.275,115.806,13936
WA South West,WA,Western Grey Kangaroo,-33.717,116.046,9820
WA South West,WA,Western Grey Kangaroo,-32.140,115.390,11483
WA South West,WA,Western Grey Kangaroo,-33.770,115.649,11618
WA South West,WA,Western Grey Kangaroo,-34.638,117.559,16487
WA South West,WA,Western Grey Kangaroo,-32.518,116.364,6592
WA South West,WA,Western Grey Kangaroo,-33.682,118.158,19255
WA South West,WA,Western Grey Kangaroo,-34.184,116.440,3328
WA South West,WA,Western Grey Kangaroo,-32.182,115.873,7920
WA South West,WA,Western Grey Kangaroo,-34.658,115.721,9550
WA South West,WA,Western Grey Kangaroo,-32.823,115.787,4597
WA South West,WA,Western Grey Kangaroo,-32.447,118.557,18235
WA South West,WA,Western Grey Kangaroo,-32.664,115.701,6490
WA South West,WA,Western Grey Kangaroo,-33.140,117.831,8297
WA South West,WA,Western Grey Kangaroo,-33.235,115.809,4152
WA South West,WA,Western Grey Kangaroo,-32.885,117.078,3814
WA South West,WA,Western Grey Kangaroo,-33.441,116.391,11232
WA South West,WA,Western Grey Kangaroo,-32.406,118.458,18155
WA South West,WA,Western Grey Kangaroo,-34.811,116.638,17617
WA South West,WA,Western Grey Kangaroo,-34.673,117.662,10137
WA South West,WA,Western Grey Kangaroo,-34.505,118.326,14029
WA South West,WA,Western Grey Kangaroo,-34.983,117.809,2152
WA South West,WA,Western Grey Kangaroo,-33.960,118.728,18896
WA South West,WA,Western Grey Kangaroo,-34.872,116.427,10019
WA South West,WA,Western Grey Kangaroo,-32.487,118.462,12517
WA South West,WA,Western Grey Kangaroo,-32.607,118.472,4005
WA South West,WA,Western Grey Kangaroo,-34.167,115.431,18213
WA South West,WA,Western Grey Kangaroo,-33.671,115.103,19607
WA South West,WA,Western Grey Kangaroo,-34.670,115.974,4902
WA South West,WA,Western Grey Kangaroo,-34.384,115.730,5364
WA South West,WA,Western Grey Kangaroo,-34.102,117.221,2985
WA South West,WA,Western Grey Kangaroo,-35.038,118.705,8392
WA South West,WA,Western Grey Kangaroo,-34.263,118.349,17202
WA South West,WA,Western Grey Kangaroo,-33.427,117.811,5370
WA South West,WA,Western Grey Kangaroo,-33.978,115.376,7864
WA South West,WA,Western Grey Kangaroo,-34.955,115.492,18174
WA South West,WA,Western Grey Kangaroo,-33.225,118.046,5605
WA South West,WA,Western Grey Kangaroo,-34.709,116.623,6487
WA South West,WA,Western Grey Kangaroo,-33.367,115.910,9439
WA South West,WA,Western Grey Kangaroo,-34.629,117.291,14996
WA South West,WA,Western Grey Kangaroo,-34.574,118.304,14738
WA South West,WA,Western Grey Kangaroo,-32.880,117.388,19223
WA South West,WA,Western Grey Kangaroo,-34.984,118.882,3702
WA South West,WA,Western Grey Kangaroo,-32.614,116.354,9876
WA South West,WA,Western Grey Kangaroo,-32.417,117.862,12506
WA South West,WA,Western Grey Kangaroo,-32.492,118.391,3754
WA South West,WA,Western Grey Kangaroo,-34.060,115.587,13580
WA South West,WA,Western Grey Kangaroo,-34.302,116.689,2378
WA South West,WA,Western Grey Kangaroo,-33.934,117.123,4269
WA South West,WA,Western Grey Kangaroo,-34.062,115.803,2682
WA South West,WA,Western Grey Kangaroo,-34.378,116.683,15010
WA South West,WA,Western Grey Kangaroo,-32.615,118.748,3532
WA South Coast,WA,Western Grey Kangaroo,-34.191,120.653,3319
WA South Coast,WA,Western Grey Kangaroo,-34.966,119.925,10708
WA South Coast,WA,Western Grey Kangaroo,-34.082,119.870,19768
WA South Coast,WA,Western Grey Kangaroo,-34.194,118.107,5293
WA South Coast,WA,Western Grey Kangaroo,-34.749,119.561,16211
WA South Coast,WA,Western Grey Kangaroo,-34.763,118.118,5704
WA South Coast,WA,Western Grey Kangaroo,-34.695,119.943,5944
WA South Coast,WA,Western Grey Kangaroo,-34.940,120.877,18835
WA South Coast,WA,Western Grey Kangaroo,-34.099,118.253,19492
WA South Coast,WA,Western Grey Kangaroo,-34.068,119.320,18765
WA South Coast,WA,Western Grey Kangaroo,-34.869,118.881,15321
WA South Coast,WA,Western Grey Kangaroo,-34.423,118.822,4878
WA South Coast,WA,Western Grey Kangaroo,-34.260,118.862,16881
WA South Coast,WA,Western Grey Kangaroo,-34.390,119.711,14669
WA South Coast,WA,Western Grey Kangaroo,-34.799,120.131,17102
WA South Coast,WA,Western Grey Kangaroo,-34.108,118.911,17658
WA South Coast,WA,Western Grey Kangaroo,-34.531,118.932,9938
WA South Coast,WA,Western Grey Kangaroo,-34.666,118.566,19888
WA South Coast,WA,Western Grey Kangaroo,-34.617,119.757,2389
WA South Coast,WA,Western Grey Kangaroo,-34.076,118.487,9816
WA South Coast,WA,Western Grey Kangaroo,-34.676,118.976,10844
WA South Coast,WA,Western Grey Kangaroo,-34.715,120.963,11683
WA Wheatbelt,WA,Western Grey Kangaroo,-32.386,116.065,4188
WA Wheatbelt,WA,Western Grey Kangaroo,-31.288,117.044,4032
WA Wheatbelt,WA,Western Grey Kangaroo,-31.466,118.503,13603
WA Wheatbelt,WA,Western Grey Kangaroo,-31.029,116.328,9378
WA Wheatbelt,WA,Western Grey Kangaroo,-30.521,118.033,7063
WA Wheatbelt,WA,Western Grey Kangaroo,-31.666,118.005,6598
WA Wheatbelt,WA,Western Grey Kangaroo,-31.149,117.849,11068
WA Wheatbelt,WA,Western Grey Kangaroo,-30.858,117.553,17572
WA Wheatbelt,WA,Western Grey Kangaroo,-31.963,117.892,6170
WA Wheatbelt,WA,Western Grey Kangaroo,-31.674,116.310,15448
WA Wheatbelt,WA,Western Grey Kangaroo,-30.969,117.758,18314
WA Wheatbelt,WA,Western Grey Kangaroo,-31.705,118.979,6903
WA Wheatbelt,WA,Western Grey Kangaroo,-31.664,118.351,5638
WA Wheatbelt,WA,Western Grey Kangaroo,-31.741,117.357,17004
WA Wheatbelt,WA,Western Grey Kangaroo,-31.924,117.058,13565
WA Wheatbelt,WA,Western Grey Kangaroo,-31.719,117.666,14599
WA Wheatbelt,WA,Western Grey Kangaroo,-31.204,116.020,18369
WA Wheatbelt,WA,Western Grey Kangaroo,-31.739,116.900,19592
WA Wheatbelt,WA,Western Grey Kangaroo,-31.892,116.435,14353
WA Wheatbelt,WA,Western Grey Kangaroo,-31.337,116.264,12816
WA Wheatbelt,WA,Western Grey Kangaroo,-31.852,118.530,9951
WA Wheatbelt,WA,Western Grey Kangaroo,-30.582,116.613,15973
WA Wheatbelt,WA,Western Grey Kangaroo,-30.717,118.868,2838
WA Wheatbelt,WA,Western Grey Kangaroo,-32.405,117.695,18296
WA Wheatbelt,WA,Western Grey Kangaroo,-31.900,117.609,12237
Tasmania,TAS,Eastern Grey Kangaroo,-41.923,148.495,18955
Tasmania,TAS,Eastern Grey Kangaroo,-41.349,147.681,16092
Tasmania,TAS,Eastern Grey Kangaroo,-42.221,146.573,13505
Tasmania,TAS,Eastern Grey Kangaroo,-42.094,145.531,4237
Tasmania,TAS,Eastern Grey Kangaroo,-41.950,145.797,14268
Tasmania,TAS,Eastern Grey Kangaroo,-41.998,147.446,7053
Tasmania,TAS,Eastern Grey Kangaroo,-41.240,148.393,17948
Tasmania,TAS,Eastern Grey Kangaroo,-42.197,147.802,13248
Tasmania,TAS,Eastern Grey Kangaroo,-41.617,147.739,5022
Tasmania,TAS,Eastern Grey Kangaroo,-42.659,146.454,4460
Tasmania,TAS,Eastern Grey Kangaroo,-41.348,147.038,5621
Tasmania,TAS,Eastern Grey Kangaroo,-41.688,146.385,13251
Tasmania,TAS,Eastern Grey Kangaroo,-41.359,148.471,15791
Tasmania,TAS,Eastern Grey Kangaroo,-41.738,147.072,18764
Tasmania,TAS,Eastern Grey Kangaroo,-42.584,148.179,15508
Tasmania,TAS,Eastern Grey Kangaroo,-42.635,147.390,5493
Tasmania,TAS,Eastern Grey Kangaroo,-42.294,148.481,3386
Tasmania,TAS,Eastern Grey Kangaroo,-41.617,145.532,2091
Tasmania,TAS,Eastern Grey Kangaroo,-42.387,147.572,2128
Tasmania,TAS,Eastern Grey Kangaroo,-41.166,146.693,5227
Tasmania,TAS,Eastern Grey Kangaroo,-41.828,147.504,8443
Tasmania,TAS,Eastern Grey Kangaroo,-42.650,147.807,10716
Tasmania,TAS,Eastern Grey Kangaroo,-41.258,148.187,18853
Tasmania,TAS,Eastern Grey Kangaroo,-41.006,147.223,15470
Tasmania,TAS,Eastern Grey Kangaroo,-41.797,145.936,18987
Tasmania,TAS,Eastern Grey Kangaroo,-41.481,145.820,5280
Tasmania,TAS,Eastern Grey Kangaroo,-42.848,148.344,18070
Tasmania,TAS,Eastern Grey Kangaroo,-41.354,147.339,4035
Tasmania,TAS,Eastern Grey Kangaroo,-41.700,147.554,12578
Tasmania,TAS,Eastern Grey Kangaroo,-42.712,146.215,11025
Tasmania,TAS,Eastern Grey Kangaroo,-42.661,146.300,5258
Tasmania,TAS,Eastern Grey Kangaroo,-41.281,148.343,4065
Tasmania,TAS,Eastern Grey Kangaroo,-42.302,146.850,14637
Tasmania,TAS,Eastern Grey Kangaroo,-42.961,146.160,14975
Tasmania,TAS,Eastern Grey Kangaroo,-41.835,148.379,16406
Alice Springs Region,NT,Red Kangaroo,-24.213,133.329,9303
Alice Springs Region,NT,Red Kangaroo,-24.230,134.575,7686
Alice Springs Region,NT,Red Kangaroo,-23.796,134.518,16923
Alice Springs Region,NT,Red Kangaroo,-23.814,133.985,18238
Alice Springs Region,NT,Red Kangaroo,-22.733,133.022,14772
Alice Springs Region,NT,Red Kangaroo,-23.220,133.953,15549
Alice Springs Region,NT,Red Kangaroo,-23.805,134.476,17872
Alice Springs Region,NT,Red Kangaroo,-24.264,134.463,4866
Alice Springs Region,NT,Red Kangaroo,-24.022,133.545,8112
Alice Springs Region,NT,Red Kangaroo,-24.288,134.488,14977
Far North SA,SA,Red Kangaroo,-29.377,135.345,19489
Far North SA,SA,Red Kangaroo,-28.757,136.008,4144
Far North SA,SA,Red Kangaroo,-28.578,136.267,13509
Far North SA,SA,Red Kangaroo,-29.392,136.162,17303
Far North SA,SA,Red Kangaroo,-29.933,135.712,3144
Far North SA,SA,Red Kangaroo,-29.942,135.076,7108
Far North SA,SA,Red Kangaroo,-30.016,135.390,8432
Far North SA,SA,Red Kangaroo,-29.961,137.505,6187
Far North SA,SA,Red Kangaroo,-29.390,136.401,9870
Far North SA,SA,Red Kangaroo,-30.182,136.059,15276
